{"Seven Peaks Software": 0.611986439366954, "GCC Marketing": 0.6392027139254868, "Nybble Group": 0.572329377133683, "intertoons": 0.731092452504543, "Cleverlance Enterprise Solutions a.s.": 0.46144351005369916, "GREENLOGIC": 0.6055825882891931, "TEONITE": 0.5676759800188109, "EltexSoft": 0.6889881718137703, "VENRUP": 0.7856297338189692, "AMCON SOFT inc.": 0.5332789228796168, "Factory": 0.7024944572682364, "DockYard": 0.5514636558474183, "Valor Software": 0.5310232106012668, "Interactivated Solutions": 0.6078608803989343, "Venture Aviator": 0.6342834567440098, "Vault Innovation": 0.5594309692653407, "Classic Informatics": 0.6353889471110541, "Zcodeo LLP": 0.7384187436235791, "Alliance Software Pty Ltd": 0.5414655514286306, "Devima Solutions": 0.6513229176767253}