{"TEONITE": 1.3508836304392213, "Nybble Group": 1.3379224710154705, "intertoons": 1.3018775951376598, "Alliance Software Pty Ltd": 1.2918520747838231, "Classic Informatics": 1.2786201583419845, "Cleverlance Enterprise Solutions a.s.": 1.2734050040598883, "Venture Aviator": 1.2602556949936778, "GREENLOGIC": 1.2363486320534602, "Vault Innovation": 1.2159107507614733, "Valor Software": 1.2155936593338614, "GCC Marketing": 1.2103821430944433, "AMCON SOFT inc.": 1.1953308858374019, "Interactivated Solutions": 1.192335038325098, "Factory": 1.181753652873218, "DockYard": 1.1718468500462003, "Seven Peaks Software": 1.1697465648457688, "VENRUP": 1.1652134953124198, "EltexSoft": 1.1426244983630214, "Zcodeo LLP": 1.0802599954063579, "Devima Solutions": 1.0670712791397476}